Month	Negative	Neutral	Positive
June 2017	0.05263157894736842	0.7894736842105263	0.15789473684210525
