Month	Negative	Neutral	Positive
June 2017	0.05714285714285714	0.8714285714285714	0.07142857142857142
