Month	Negative	Neutral	Positive
June 2017	0.29411764705882354	0.4117647058823529	0.29411764705882354
