Month	Negative	Neutral	Positive
June 2017	0	0.9230769230769231	0.07692307692307693
