Month	Negative	Neutral	Positive
June 2017	0.20512820512820512	0.7692307692307693	0.02564102564102564
