Month	Negative	Neutral	Positive
June 2017	0.20588235294117646	0.7352941176470589	0.058823529411764705
