Month	Negative	Neutral	Positive
June 2017	0	0.09836065573770492	0.9016393442622951
