Month	Negative	Neutral	Positive
June 2017	0	0.10526315789473684	0.8947368421052632
