Month	Negative	Neutral	Positive
June 2017	0	0.8947368421052632	0.10526315789473684
