Month	Negative	Neutral	Positive
June 2017	0.08620689655172414	0.8103448275862069	0.10344827586206896
