Month	Negative	Neutral	Positive
June 2017	0.05555555555555555	0.6388888888888888	0.3055555555555556
