Month	Negative	Neutral	Positive
June 2017	0.16666666666666666	0.55	0.2833333333333333
