Month	Negative	Neutral	Positive
June 2017	0.09090909090909091	0.9090909090909091	0
