Month	Negative	Neutral	Positive
June 2017	0	0.5454545454545454	0.45454545454545453
