Month	Negative	Neutral	Positive
June 2017	0.02631578947368421	0.8421052631578947	0.13157894736842105
