Month	Negative	Neutral	Positive
June 2017	0.41025641025641024	0.5641025641025641	0.02564102564102564
