Month	Negative	Neutral	Positive
June 2017	0.26666666666666666	0.6666666666666666	0.06666666666666667
