Month	Negative	Neutral	Positive
June 2017	0.2	0.6615384615384615	0.13846153846153847
