Month	Negative	Neutral	Positive
June 2017	0.16666666666666666	0.8333333333333334	0
