Month	Negative	Neutral	Positive
June 2017	0.2	0.3333333333333333	0.4666666666666667
