Month	Negative	Neutral	Positive
June 2017	0	0.7142857142857143	0.2857142857142857
