Month	Negative	Neutral	Positive
June 2017	0.14285714285714285	0.8571428571428571	0
