Month	Negative	Neutral	Positive
June 2017	0.02631578947368421	0.868421052631579	0.10526315789473684
