Month	Negative	Neutral	Positive
June 2017	0.05263157894736842	0.8421052631578947	0.10526315789473684
