Month	Negative	Neutral	Positive
June 2017	0.058823529411764705	0.8823529411764706	0.058823529411764705
