Month	Negative	Neutral	Positive
June 2017	0.2127659574468085	0.6382978723404256	0.14893617021276595
