Month	Negative	Neutral	Positive
June 2017	0.11666666666666667	0.7833333333333333	0.1
