Month	Negative	Neutral	Positive
June 2017	0.043478260869565216	0.7608695652173914	0.1956521739130435
