Month	Negative	Neutral	Positive
June 2017	0.3695652173913043	0.5869565217391305	0.043478260869565216
