Month	Negative	Neutral	Positive
June 2017	0.16666666666666666	0.75	0.08333333333333333
