Month	Negative	Neutral	Positive
June 2017	0.18333333333333332	0.6166666666666667	0.2
