Month	Negative	Neutral	Positive
June 2017	0.14035087719298245	0.6491228070175439	0.21052631578947367
