Month	Negative	Neutral	Positive
June 2017	0.2222222222222222	0.6111111111111112	0.16666666666666666
