Month	Negative	Neutral	Positive
June 2017	0	0.9473684210526315	0.05263157894736842
