Month	Negative	Neutral	Positive
June 2017	0.15	0.6833333333333333	0.16666666666666666
