Month	Negative	Neutral	Positive
June 2017	0.4	0.5333333333333333	0.06666666666666667
