Month	Negative	Neutral	Positive
June 2017	0.3448275862068966	0.5517241379310345	0.10344827586206896
