Month	Negative	Neutral	Positive
June 2017	0.7837837837837838	0.16216216216216217	0.05405405405405406
