Month	Negative	Neutral	Positive
June 2017	0.8421052631578947	0.15789473684210525	0
