Month	Negative	Neutral	Positive
June 2017	0.11428571428571428	0.7714285714285715	0.11428571428571428
