Month	Negative	Neutral	Positive
June 2017	0.08333333333333333	0.9166666666666666	0
