Month	Negative	Neutral	Positive
June 2017	0.10526315789473684	0.6842105263157895	0.21052631578947367
