Month	Negative	Neutral	Positive
June 2017	0	0.9333333333333333	0.06666666666666667
