Month	Negative	Neutral	Positive
June 2017	0.045454545454545456	0.9318181818181818	0.022727272727272728
