Month	Negative	Neutral	Positive
June 2017	0	0.9285714285714286	0.07142857142857142
