Month	Negative	Neutral	Positive
June 2017	0.01818181818181818	0.34545454545454546	0.6363636363636364
