Month	Negative	Neutral	Positive
June 2017	0.07142857142857142	0.7857142857142857	0.14285714285714285
