Month	Negative	Neutral	Positive
June 2017	0.7619047619047619	0.20634920634920634	0.031746031746031744
