Month	Negative	Neutral	Positive
June 2017	0.05555555555555555	0.5555555555555556	0.3888888888888889
