Month	Negative	Neutral	Positive
June 2017	0	0.4444444444444444	0.5555555555555556
