Month	Negative	Neutral	Positive
June 2017	0.23529411764705882	0.6470588235294118	0.11764705882352941
