Month	Negative	Neutral	Positive
June 2017	0.14285714285714285	0.6607142857142857	0.19642857142857142
