Month	Negative	Neutral	Positive
June 2017	0.3157894736842105	0.47368421052631576	0.21052631578947367
