Month	Negative	Neutral	Positive
June 2017	0.19047619047619047	0.5476190476190477	0.2619047619047619
