Month	Negative	Neutral	Positive
June 2017	0.11320754716981132	0.6981132075471698	0.18867924528301888
