Month	Negative	Neutral	Positive
June 2017	0.35526315789473684	0.3684210526315789	0.27631578947368424
