Month	Negative	Neutral	Positive
June 2017	0.36363636363636365	0.6363636363636364	0
