Month	Negative	Neutral	Positive
June 2017	0.32558139534883723	0.6511627906976745	0.023255813953488372
