Month	Negative	Neutral	Positive
June 2017	0	0.21428571428571427	0.7857142857142857
