Month	Negative	Neutral	Positive
June 2017	0.06666666666666667	0.8333333333333334	0.1
