Month	Negative	Neutral	Positive
June 2017	0.23404255319148937	0.5957446808510638	0.1702127659574468
