Month	Negative	Neutral	Positive
June 2017	0.4117647058823529	0.23529411764705882	0.35294117647058826
