Month	Negative	Neutral	Positive
June 2017	0.22727272727272727	0.6136363636363636	0.1590909090909091
