Month	Negative	Neutral	Positive
June 2017	0	0.5714285714285714	0.42857142857142855
