Month	Negative	Neutral	Positive
June 2017	0.10869565217391304	0.6956521739130435	0.1956521739130435
