Month	Negative	Neutral	Positive
June 2017	0.06666666666666667	0.9	0.03333333333333333
