Month	Negative	Neutral	Positive
June 2017	0.35714285714285715	0.5714285714285714	0.07142857142857142
