Month	Negative	Neutral	Positive
June 2017	0.391304347826087	0.5652173913043478	0.043478260869565216
