Month	Negative	Neutral	Positive
June 2017	0.14285714285714285	0.5714285714285714	0.2857142857142857
