Month	Negative	Neutral	Positive
June 2017	0.02040816326530612	0.8979591836734694	0.08163265306122448
