Month	Negative	Neutral	Positive
June 2017	0.15789473684210525	0.631578947368421	0.21052631578947367
