Month	Negative	Neutral	Positive
June 2017	0.26666666666666666	0.6	0.13333333333333333
