Month	Negative	Neutral	Positive
June 2017	0.27586206896551724	0.5862068965517241	0.13793103448275862
