Month	Negative	Neutral	Positive
June 2017	0.42857142857142855	0.5357142857142857	0.03571428571428571
