Month	Negative	Neutral	Positive
June 2017	0.037037037037037035	0.8888888888888888	0.07407407407407407
