Month	Negative	Neutral	Positive
June 2017	0.14285714285714285	0.7142857142857143	0.14285714285714285
