Month	Negative	Neutral	Positive
June 2017	0.1111111111111111	0.7777777777777778	0.1111111111111111
